{"cameraMode":{"drawMode":0,"name":"Shaded","section":"Shading Mode"},"sceneLighting":true,"audioPlay":false,"sceneViewState":{"showFog":true,"showMaterialUpdate":false,"showSkybox":true,"showFlares":true,"showImageEffects":true,"showParticleSystems":true},"in2DMode":false,"pivot":{"x":2.2130038738250734,"y":2.7515690326690676,"z":-3.3529186248779299},"rotation":{"x":0.0017060402315109969,"y":-0.9984685182571411,"z":-0.05616067722439766,"w":-0.029743285849690439},"size":2.0427439212799074,"orthographic":false}