{"cameraMode":{"drawMode":0,"name":"Shaded","section":"Shading Mode"},"sceneLighting":true,"audioPlay":false,"sceneViewState":{"showFog":true,"showMaterialUpdate":true,"showSkybox":true,"showFlares":true,"showImageEffects":true,"showParticleSystems":true},"in2DMode":false,"pivot":{"x":-1.689445972442627,"y":2.708205223083496,"z":3.3750884532928469},"rotation":{"x":0.009840627200901509,"y":0.8352026343345642,"z":-0.014484427869319916,"w":0.5506978631019592},"size":1.742743730545044,"orthographic":false}