{"cameraMode":{"drawMode":0,"name":"Shaded","section":"Shading Mode"},"sceneLighting":false,"audioPlay":false,"sceneViewState":{"showFog":true,"showMaterialUpdate":false,"showSkybox":false,"showFlares":true,"showImageEffects":true,"showParticleSystems":true},"in2DMode":false,"pivot":{"x":0.747743546962738,"y":0.4541911780834198,"z":0.6300473213195801},"rotation":{"x":-0.004750750493258238,"y":-0.9831324815750122,"z":-0.1831582486629486,"w":0.02561967819929123},"size":0.3372160792350769,"orthographic":false}