{"cameraMode":{"drawMode":0,"name":"Shaded","section":"Shading Mode"},"sceneLighting":true,"audioPlay":false,"sceneViewState":{"showFog":true,"showMaterialUpdate":true,"showSkybox":true,"showFlares":true,"showImageEffects":true,"showParticleSystems":true},"in2DMode":false,"pivot":{"x":-2.811182975769043,"y":2.855015754699707,"z":2.5055930614471437},"rotation":{"x":-0.00026544497814029455,"y":-0.9993860125541687,"z":0.010503128170967102,"w":-0.04282074049115181},"size":0.3996976315975189,"orthographic":false}