{"cameraMode":{"drawMode":0,"name":"Shaded","section":"Shading Mode"},"sceneLighting":true,"audioPlay":false,"sceneViewState":{"showFog":true,"showMaterialUpdate":false,"showSkybox":true,"showFlares":true,"showImageEffects":true,"showParticleSystems":true},"in2DMode":false,"pivot":{"x":-0.10940107703208924,"y":3.8867759704589845,"z":2.5956778526306154},"rotation":{"x":0.009704181924462319,"y":-0.8706762194633484,"z":-0.016915500164031984,"w":-0.4917532205581665},"size":0.3797813951969147,"orthographic":false}