{"cameraMode":{"drawMode":0,"name":"Shaded","section":"Shading Mode"},"sceneLighting":true,"audioPlay":false,"sceneViewState":{"showFog":true,"showMaterialUpdate":true,"showSkybox":true,"showFlares":true,"showImageEffects":true,"showParticleSystems":true},"in2DMode":false,"pivot":{"x":-4.241477966308594,"y":2.696127414703369,"z":0.3757881224155426},"rotation":{"x":0.007725754752755165,"y":0.9380393624305725,"z":-0.0206092931330204,"w":0.3472484350204468},"size":0.39111506938934328,"orthographic":false}