{"cameraMode":{"drawMode":0,"name":"Shaded","section":"Shading Mode"},"sceneLighting":true,"audioPlay":false,"sceneViewState":{"showFog":true,"showMaterialUpdate":true,"showSkybox":true,"showFlares":true,"showImageEffects":true,"showParticleSystems":true},"in2DMode":false,"pivot":{"x":3.7813870906829836,"y":4.625826835632324,"z":6.575660705566406},"rotation":{"x":-0.013398908078670502,"y":0.9597831964492798,"z":-0.04557616263628006,"w":-0.2783462405204773},"size":0.0911150574684143,"orthographic":false}