{"cameraMode":{"drawMode":0,"name":"Shaded","section":"Shading Mode"},"sceneLighting":false,"audioPlay":false,"sceneViewState":{"showFog":true,"showMaterialUpdate":false,"showSkybox":false,"showFlares":true,"showImageEffects":true,"showParticleSystems":true},"in2DMode":false,"pivot":{"x":-0.4193429946899414,"y":0.9122257232666016,"z":-0.10238716751337052},"rotation":{"x":-0.0007696244865655899,"y":-0.7255467176437378,"z":-0.001679867273196578,"w":-0.6887348294258118},"size":1.5028765201568604,"orthographic":false}