{"cameraMode":{"drawMode":0,"name":"Shaded","section":"Shading Mode"},"sceneLighting":false,"audioPlay":false,"sceneViewState":{"showFog":true,"showMaterialUpdate":false,"showSkybox":false,"showFlares":true,"showImageEffects":true,"showParticleSystems":true},"in2DMode":false,"pivot":{"x":782.9783325195313,"y":389.3387145996094,"z":5.251653671264648},"rotation":{"x":0.1300993114709854,"y":0.017656749114394189,"z":-0.0056194281205534939,"w":0.9917102456092835},"size":1.9346694946289063,"orthographic":false}