{"cameraMode":{"drawMode":0,"name":"Shaded","section":"Shading Mode"},"sceneLighting":false,"audioPlay":false,"sceneViewState":{"showFog":true,"showMaterialUpdate":false,"showSkybox":false,"showFlares":true,"showImageEffects":true,"showParticleSystems":true},"in2DMode":false,"pivot":{"x":0.32025235891342165,"y":-0.02674315869808197,"z":0.08976238965988159},"rotation":{"x":-0.030623067170381547,"y":-0.9696664214134216,"z":0.17077328264713288,"w":-0.1744145005941391},"size":0.3372161090373993,"orthographic":false}