{"cameraMode":{"drawMode":0,"name":"Shaded","section":"Shading Mode"},"sceneLighting":true,"audioPlay":false,"sceneViewState":{"showFog":true,"showMaterialUpdate":true,"showSkybox":true,"showFlares":true,"showImageEffects":true,"showParticleSystems":true},"in2DMode":false,"pivot":{"x":-2.4934937953948976,"y":2.507417917251587,"z":3.2529690265655519},"rotation":{"x":0.016338041052222253,"y":0.9143232107162476,"z":-0.036524806171655658,"w":0.40440016984939577},"size":1.742743730545044,"orthographic":false}