{"cameraMode":{"drawMode":0,"name":"Shaded","section":"Shading Mode"},"sceneLighting":false,"audioPlay":false,"sceneViewState":{"showFog":true,"showMaterialUpdate":false,"showSkybox":false,"showFlares":true,"showImageEffects":true,"showParticleSystems":true},"in2DMode":false,"pivot":{"x":0.7709118127822876,"y":-0.18962934613227845,"z":0.9114686250686646},"rotation":{"x":-0.0591527596116066,"y":-0.06817349791526795,"z":0.00428798608481884,"w":-0.9964240789413452},"size":0.3817768096923828,"orthographic":false}