{"cameraMode":{"drawMode":0,"name":"Shaded","section":"Shading Mode"},"sceneLighting":true,"audioPlay":false,"sceneViewState":{"showFog":true,"showMaterialUpdate":true,"showSkybox":true,"showFlares":true,"showImageEffects":true,"showParticleSystems":true},"in2DMode":false,"pivot":{"x":-5.115298271179199,"y":3.5557310581207277,"z":-1.0000797510147095},"rotation":{"x":-0.04572330042719841,"y":0.9371655583381653,"z":-0.13400964438915254,"w":-0.3204408884048462},"size":0.39111506938934328,"orthographic":false}