{"cameraMode":{"drawMode":0,"name":"Shaded","section":"Shading Mode"},"sceneLighting":true,"audioPlay":false,"sceneViewState":{"showFog":true,"showMaterialUpdate":true,"showSkybox":true,"showFlares":true,"showImageEffects":true,"showParticleSystems":true},"in2DMode":false,"pivot":{"x":1.914741039276123,"y":3.4924979209899904,"z":1.1075034141540528},"rotation":{"x":0.19421391189098359,"y":-0.3340955078601837,"z":0.07050153613090515,"w":0.920194685459137},"size":2.042743682861328,"orthographic":false}