{"cameraMode":{"drawMode":0,"name":"Shaded","section":"Shading Mode"},"sceneLighting":false,"audioPlay":false,"sceneViewState":{"showFog":true,"showMaterialUpdate":false,"showSkybox":false,"showFlares":true,"showImageEffects":true,"showParticleSystems":true},"in2DMode":false,"pivot":{"x":0.3547796905040741,"y":0.6887246966362,"z":0.012268521822988987},"rotation":{"x":0.0007735211402177811,"y":-0.9995454549789429,"z":0.025807080790400506,"w":0.032048799097537997},"size":0.3372160792350769,"orthographic":false}