{"cameraMode":{"drawMode":0,"name":"Shaded","section":"Shading Mode"},"sceneLighting":true,"audioPlay":false,"sceneViewState":{"showFog":true,"showMaterialUpdate":true,"showSkybox":true,"showFlares":true,"showImageEffects":true,"showParticleSystems":true},"in2DMode":false,"pivot":{"x":2.3259174823760988,"y":2.628993511199951,"z":3.3966317176818849},"rotation":{"x":-0.03401351720094681,"y":-0.00010837418813025579,"z":0.0016984585672616959,"w":-1.0000182390213013},"size":0.37281471490859988,"orthographic":false}