{"cameraMode":{"drawMode":0,"name":"Shaded","section":"Shading Mode"},"sceneLighting":false,"audioPlay":false,"sceneViewState":{"showFog":true,"showMaterialUpdate":false,"showSkybox":false,"showFlares":true,"showImageEffects":true,"showParticleSystems":true},"in2DMode":false,"pivot":{"x":-0.5051097869873047,"y":-1.4890464544296265,"z":0.03273916244506836},"rotation":{"x":0.003804802894592285,"y":-0.6460675001144409,"z":0.0029551058541983368,"w":0.7638178467750549},"size":1.8828825950622559,"orthographic":false}