{"cameraMode":{"drawMode":0,"name":"Shaded","section":"Shading Mode"},"sceneLighting":true,"audioPlay":false,"sceneViewState":{"showFog":true,"showMaterialUpdate":true,"showSkybox":true,"showFlares":true,"showImageEffects":true,"showParticleSystems":true},"in2DMode":false,"pivot":{"x":2.9874515533447267,"y":4.010281085968018,"z":1.1213974952697755},"rotation":{"x":-0.12468330562114716,"y":0.5009345412254334,"z":-0.07314443588256836,"w":-0.8538312911987305},"size":0.0911150574684143,"orthographic":false}