{"cameraMode":{"drawMode":0,"name":"Shaded","section":"Shading Mode"},"sceneLighting":true,"audioPlay":false,"sceneViewState":{"showFog":true,"showMaterialUpdate":false,"showSkybox":true,"showFlares":true,"showImageEffects":true,"showParticleSystems":true},"in2DMode":false,"pivot":{"x":1.787531852722168,"y":2.315638542175293,"z":0.06162053346633911},"rotation":{"x":-0.027322933077812196,"y":-0.37161263823509219,"z":0.0012499119620770217,"w":-0.9290640354156494},"size":0.3994768261909485,"orthographic":false}