{"cameraMode":{"drawMode":0,"name":"Shaded","section":"Shading Mode"},"sceneLighting":false,"audioPlay":false,"sceneViewState":{"showFog":true,"showMaterialUpdate":false,"showSkybox":false,"showFlares":true,"showImageEffects":true,"showParticleSystems":true},"in2DMode":false,"pivot":{"x":0.41123706102371218,"y":0.02109294757246971,"z":0.7979937195777893},"rotation":{"x":-0.010109775699675084,"y":0.9755055904388428,"z":0.0465901754796505,"w":0.21500718593597413},"size":0.42602401971817019,"orthographic":false}