{"cameraMode":{"drawMode":0,"name":"Shaded","section":"Shading Mode"},"sceneLighting":true,"audioPlay":false,"sceneViewState":{"showFog":true,"showMaterialUpdate":false,"showSkybox":true,"showFlares":true,"showImageEffects":true,"showParticleSystems":true},"in2DMode":false,"pivot":{"x":-3.313633918762207,"y":2.9472665786743166,"z":13.513731956481934},"rotation":{"x":0.04265982657670975,"y":-0.09931397438049317,"z":-0.026434365659952165,"w":-0.9952000379562378},"size":5.407164096832275,"orthographic":false}