{"cameraMode":{"drawMode":0,"name":"Shaded","section":"Shading Mode"},"sceneLighting":false,"audioPlay":false,"sceneViewState":{"showFog":true,"showMaterialUpdate":false,"showSkybox":false,"showFlares":true,"showImageEffects":true,"showParticleSystems":true},"in2DMode":false,"pivot":{"x":-0.4390949010848999,"y":1.2462443113327027,"z":0.17944857478141786},"rotation":{"x":-0.0052765230648219589,"y":-0.6674299240112305,"z":0.0020735885482281448,"w":-0.7451543807983398},"size":0.30287644267082217,"orthographic":false}