{"cameraMode":{"drawMode":0,"name":"Shaded","section":"Shading Mode"},"sceneLighting":false,"audioPlay":false,"sceneViewState":{"showFog":true,"showMaterialUpdate":false,"showSkybox":false,"showFlares":true,"showImageEffects":true,"showParticleSystems":true},"in2DMode":false,"pivot":{"x":0.2879999876022339,"y":1.2222576141357422,"z":0.9390000104904175},"rotation":{"x":-0.014565553516149521,"y":0.3782327473163605,"z":0.009823903441429139,"w":0.9261972308158875},"size":1.1559053659439088,"orthographic":false}