{"cameraMode":{"drawMode":0,"name":"Shaded","section":"Shading Mode"},"sceneLighting":true,"audioPlay":false,"sceneViewState":{"showFog":true,"showMaterialUpdate":false,"showSkybox":true,"showFlares":true,"showImageEffects":true,"showParticleSystems":true},"in2DMode":false,"pivot":{"x":-2.2743940353393556,"y":2.85263729095459,"z":3.5314998626708986},"rotation":{"x":0.004950093571096659,"y":-0.9878620505332947,"z":0.01136874035000801,"w":0.1573614478111267},"size":0.6434990167617798,"orthographic":false}