{"cameraMode":{"drawMode":0,"name":"Shaded","section":"Shading Mode"},"sceneLighting":true,"audioPlay":false,"sceneViewState":{"showFog":true,"showMaterialUpdate":true,"showSkybox":true,"showFlares":true,"showImageEffects":true,"showParticleSystems":true},"in2DMode":false,"pivot":{"x":-3.0038185119628908,"y":1.8319822549819947,"z":-1.065720796585083},"rotation":{"x":-0.009890378452837468,"y":0.9893121123313904,"z":-0.07532308995723725,"w":-0.12891101837158204},"size":1.742743730545044,"orthographic":false}