{"cameraMode":{"drawMode":0,"name":"Shaded","section":"Shading Mode"},"sceneLighting":false,"audioPlay":false,"sceneViewState":{"showFog":true,"showMaterialUpdate":false,"showSkybox":false,"showFlares":true,"showImageEffects":true,"showParticleSystems":true},"in2DMode":false,"pivot":{"x":-0.5913182497024536,"y":2.0995736122131349,"z":-0.33651840686798098},"rotation":{"x":0.003804802894592285,"y":-0.6460675001144409,"z":0.0029551058541983368,"w":0.7638178467750549},"size":1.6704514026641846,"orthographic":false}