{"cameraMode":{"drawMode":0,"name":"Shaded","section":"Shading Mode"},"sceneLighting":false,"audioPlay":false,"sceneViewState":{"showFog":true,"showMaterialUpdate":false,"showSkybox":false,"showFlares":true,"showImageEffects":true,"showParticleSystems":true},"in2DMode":false,"pivot":{"x":0.4689699113368988,"y":0.5246094465255737,"z":-0.3396815061569214},"rotation":{"x":0.014983996748924256,"y":-0.9856613874435425,"z":0.12363633513450623,"w":0.11754126846790314},"size":0.22311843931674958,"orthographic":false}