{"cameraMode":{"drawMode":0,"name":"Shaded","section":"Shading Mode"},"sceneLighting":true,"audioPlay":false,"sceneViewState":{"showFog":true,"showMaterialUpdate":false,"showSkybox":true,"showFlares":true,"showImageEffects":true,"showParticleSystems":true},"in2DMode":false,"pivot":{"x":-0.8617455959320068,"y":1.7118263244628907,"z":-7.057570457458496},"rotation":{"x":0.012444031424820423,"y":0.9945173263549805,"z":-0.0246081855148077,"w":0.1111435666680336},"size":5.407164096832275,"orthographic":false}