{"cameraMode":{"drawMode":0,"name":"Shaded","section":"Shading Mode"},"sceneLighting":true,"audioPlay":false,"sceneViewState":{"showFog":true,"showMaterialUpdate":true,"showSkybox":true,"showFlares":true,"showImageEffects":true,"showParticleSystems":true},"in2DMode":false,"pivot":{"x":-3.9964375495910646,"y":3.2537593841552736,"z":2.1966094970703127},"rotation":{"x":-0.06256464868783951,"y":-0.931362509727478,"z":0.3002137839794159,"w":-0.19913850724697114},"size":0.7624574303627014,"orthographic":false}