{"cameraMode":{"drawMode":0,"name":"Shaded","section":"Shading Mode"},"sceneLighting":true,"audioPlay":false,"sceneViewState":{"showFog":true,"showMaterialUpdate":false,"showSkybox":true,"showFlares":true,"showImageEffects":true,"showParticleSystems":true},"in2DMode":false,"pivot":{"x":-16.856971740722658,"y":5.080234050750732,"z":2.925008535385132},"rotation":{"x":0.027497362345457078,"y":0.7036575078964233,"z":0.027206964790821077,"w":-0.7095510363578796},"size":10.0,"orthographic":false}