{"cameraMode":{"drawMode":0,"name":"Shaded","section":"Shading Mode"},"sceneLighting":true,"audioPlay":false,"sceneViewState":{"showFog":true,"showMaterialUpdate":true,"showSkybox":true,"showFlares":true,"showImageEffects":true,"showParticleSystems":true},"in2DMode":false,"pivot":{"x":-1.4630968570709229,"y":2.4264421463012697,"z":4.261997222900391},"rotation":{"x":0.03816165402531624,"y":0.7543044686317444,"z":-0.0436784103512764,"w":0.6548268795013428},"size":1.742743730545044,"orthographic":false}