{"cameraMode":{"drawMode":0,"name":"Shaded","section":"Shading Mode"},"sceneLighting":true,"audioPlay":false,"sceneViewState":{"showFog":true,"showMaterialUpdate":false,"showSkybox":true,"showFlares":true,"showImageEffects":true,"showParticleSystems":true},"in2DMode":false,"pivot":{"x":0.2251405566930771,"y":4.472650051116943,"z":4.827129364013672},"rotation":{"x":-0.002762864576652646,"y":0.9919651746749878,"z":-0.1266654133796692,"w":-0.022596001625061036},"size":0.3080190122127533,"orthographic":false}