{"cameraMode":{"drawMode":0,"name":"Shaded","section":"Shading Mode"},"sceneLighting":true,"audioPlay":false,"sceneViewState":{"showFog":true,"showMaterialUpdate":false,"showSkybox":true,"showFlares":true,"showImageEffects":true,"showParticleSystems":true},"in2DMode":false,"pivot":{"x":-14.564735412597657,"y":-0.7437930107116699,"z":6.52992057800293},"rotation":{"x":-0.09439891576766968,"y":0.6104243397712708,"z":-0.08479607850313187,"w":-0.7831032276153565},"size":9.472880363464356,"orthographic":false}