{"cameraMode":{"drawMode":0,"name":"Shaded","section":"Shading Mode"},"sceneLighting":false,"audioPlay":false,"sceneViewState":{"showFog":true,"showMaterialUpdate":false,"showSkybox":false,"showFlares":true,"showImageEffects":true,"showParticleSystems":true},"in2DMode":false,"pivot":{"x":0.29493796825408938,"y":1.0105022192001343,"z":0.4066966474056244},"rotation":{"x":-0.004221493843942881,"y":0.9455981850624085,"z":-0.016329899430274965,"w":-0.32574886083602908},"size":0.4902319014072418,"orthographic":false}