{"cameraMode":{"drawMode":0,"name":"Shaded","section":"Shading Mode"},"sceneLighting":true,"audioPlay":false,"sceneViewState":{"showFog":true,"showMaterialUpdate":true,"showSkybox":true,"showFlares":true,"showImageEffects":true,"showParticleSystems":true},"in2DMode":false,"pivot":{"x":0.8473912477493286,"y":1.9627742767333985,"z":2.503101348876953},"rotation":{"x":-0.35446417331695559,"y":0.32465505599975588,"z":-0.13287530839443208,"w":-0.8674238324165344},"size":1.742743730545044,"orthographic":false}