{"cameraMode":{"drawMode":0,"name":"Shaded","section":"Shading Mode"},"sceneLighting":true,"audioPlay":false,"sceneViewState":{"showFog":true,"showMaterialUpdate":false,"showSkybox":true,"showFlares":true,"showImageEffects":true,"showParticleSystems":true},"in2DMode":false,"pivot":{"x":-8.427576065063477,"y":0.3986055850982666,"z":1.4900524616241456},"rotation":{"x":-0.11850020289421082,"y":0.820355236530304,"z":-0.18215565383434297,"w":-0.5294121503829956},"size":2.875596046447754,"orthographic":false}