{"cameraMode":{"drawMode":0,"name":"Shaded","section":"Shading Mode"},"sceneLighting":true,"audioPlay":false,"sceneViewState":{"showFog":true,"showMaterialUpdate":false,"showSkybox":true,"showFlares":true,"showImageEffects":true,"showParticleSystems":true},"in2DMode":false,"pivot":{"x":-5.139678955078125,"y":0.18856549263000489,"z":2.2443392276763918},"rotation":{"x":-0.15659017860889436,"y":0.7836360335350037,"z":-0.21778787672519685,"w":-0.5607247948646545},"size":2.875596046447754,"orthographic":false}