{"cameraMode":{"drawMode":0,"name":"Shaded","section":"Shading Mode"},"sceneLighting":true,"audioPlay":false,"sceneViewState":{"showFog":true,"showMaterialUpdate":true,"showSkybox":true,"showFlares":true,"showImageEffects":true,"showParticleSystems":true},"in2DMode":false,"pivot":{"x":-3.235194683074951,"y":3.5697569847106935,"z":2.704242706298828},"rotation":{"x":-0.10018088668584824,"y":-0.8335872888565064,"z":0.16369564831256867,"w":-0.5190677642822266},"size":0.7624574303627014,"orthographic":false}