{"cameraMode":{"drawMode":0,"name":"Shaded","section":"Shading Mode"},"sceneLighting":true,"audioPlay":false,"sceneViewState":{"showFog":true,"showMaterialUpdate":true,"showSkybox":true,"showFlares":true,"showImageEffects":true,"showParticleSystems":true},"in2DMode":false,"pivot":{"x":-0.5345721244812012,"y":2.9464285373687746,"z":1.9269832372665406},"rotation":{"x":0.014878696762025357,"y":0.9274210333824158,"z":-0.041993387043476108,"w":0.3730013370513916},"size":0.37281471490859988,"orthographic":false}