{"cameraMode":{"drawMode":0,"name":"Shaded","section":"Shading Mode"},"sceneLighting":true,"audioPlay":false,"sceneViewState":{"showFog":true,"showMaterialUpdate":false,"showSkybox":true,"showFlares":true,"showImageEffects":true,"showParticleSystems":true},"in2DMode":false,"pivot":{"x":-1.2929086685180665,"y":0.9082763195037842,"z":0.7942373752593994},"rotation":{"x":-0.025160452350974084,"y":0.9588382244110107,"z":-0.26847055554389956,"w":-0.09004943072795868},"size":2.0427439212799074,"orthographic":false}