{"cameraMode":{"drawMode":0,"name":"Shaded","section":"Shading Mode"},"sceneLighting":false,"audioPlay":false,"sceneViewState":{"showFog":true,"showMaterialUpdate":false,"showSkybox":false,"showFlares":true,"showImageEffects":true,"showParticleSystems":true},"in2DMode":false,"pivot":{"x":0.0615578293800354,"y":-0.06893061846494675,"z":1.097878336906433},"rotation":{"x":-0.03929932788014412,"y":-0.02664024382829666,"z":0.000905441353097558,"w":-0.9991014003753662},"size":0.8121449947357178,"orthographic":false}