{"cameraMode":{"drawMode":0,"name":"Shaded","section":"Shading Mode"},"sceneLighting":false,"audioPlay":false,"sceneViewState":{"showFog":true,"showMaterialUpdate":false,"showSkybox":false,"showFlares":true,"showImageEffects":true,"showParticleSystems":true},"in2DMode":false,"pivot":{"x":0.5758638381958008,"y":0.29490870237350466,"z":0.3659437894821167},"rotation":{"x":0.17865198850631715,"y":0.41760653257369997,"z":-0.08317175507545471,"w":0.8872820138931274},"size":1.2470766305923463,"orthographic":false}