{"cameraMode":{"drawMode":0,"name":"Shaded","section":"Shading Mode"},"sceneLighting":false,"audioPlay":false,"sceneViewState":{"showFog":true,"showMaterialUpdate":false,"showSkybox":false,"showFlares":true,"showImageEffects":true,"showParticleSystems":true},"in2DMode":false,"pivot":{"x":0.015024734660983086,"y":0.025035273283720018,"z":0.19161930680274964},"rotation":{"x":-0.0014897267101332546,"y":-0.9964033961296082,"z":-0.0038369230460375549,"w":-0.0887807309627533},"size":0.30287644267082217,"orthographic":false}