{"cameraMode":{"drawMode":0,"name":"Shaded","section":"Shading Mode"},"sceneLighting":true,"audioPlay":false,"sceneViewState":{"showFog":true,"showMaterialUpdate":true,"showSkybox":true,"showFlares":true,"showImageEffects":true,"showParticleSystems":true},"in2DMode":false,"pivot":{"x":-8.526412963867188,"y":10.036770820617676,"z":-13.020039558410645},"rotation":{"x":-0.037119172513484958,"y":0.5226677656173706,"z":0.02238248847424984,"w":0.8530250787734985},"size":10.0,"orthographic":false}