{"cameraMode":{"drawMode":0,"name":"Shaded","section":"Shading Mode"},"sceneLighting":false,"audioPlay":false,"sceneViewState":{"showFog":true,"showMaterialUpdate":false,"showSkybox":false,"showFlares":true,"showImageEffects":true,"showParticleSystems":true},"in2DMode":false,"pivot":{"x":0.14351621270179749,"y":0.9891912341117859,"z":1.0494508743286133},"rotation":{"x":-0.023356130346655847,"y":0.9738909602165222,"z":-0.1187494695186615,"w":-0.19257311522960664},"size":0.35169997811317446,"orthographic":false}