{"cameraMode":{"drawMode":0,"name":"Shaded","section":"Shading Mode"},"sceneLighting":true,"audioPlay":false,"sceneViewState":{"showFog":true,"showMaterialUpdate":true,"showSkybox":true,"showFlares":true,"showImageEffects":true,"showParticleSystems":true},"in2DMode":false,"pivot":{"x":2.3719089031219484,"y":3.097360372543335,"z":-0.05177580192685127},"rotation":{"x":-0.1612142026424408,"y":0.27081698179244997,"z":-0.046353813260793689,"w":-0.9498615860939026},"size":0.19816052913665772,"orthographic":false}