{"cameraMode":{"drawMode":0,"name":"Shaded","section":"Shading Mode"},"sceneLighting":false,"audioPlay":false,"sceneViewState":{"showFog":true,"showMaterialUpdate":false,"showSkybox":false,"showFlares":true,"showImageEffects":true,"showParticleSystems":true},"in2DMode":false,"pivot":{"x":0.0,"y":0.4552898705005646,"z":-0.03468763828277588},"rotation":{"x":-0.039745744317770007,"y":-0.8658866286277771,"z":0.06969308853149414,"w":-0.4939212203025818},"size":0.6459071040153503,"orthographic":false}