{"cameraMode":{"drawMode":0,"name":"Shaded","section":"Shading Mode"},"sceneLighting":false,"audioPlay":false,"sceneViewState":{"showFog":true,"showMaterialUpdate":false,"showSkybox":false,"showFlares":true,"showImageEffects":true,"showParticleSystems":true},"in2DMode":false,"pivot":{"x":0.10201232880353928,"y":0.21393325924873353,"z":0.39093878865242007},"rotation":{"x":0.08841213583946228,"y":-0.6674580574035645,"z":0.08045213669538498,"w":0.735146164894104},"size":0.35169997811317446,"orthographic":false}