{"cameraMode":{"drawMode":0,"name":"Shaded","section":"Shading Mode"},"sceneLighting":true,"audioPlay":false,"sceneViewState":{"showFog":true,"showMaterialUpdate":true,"showSkybox":true,"showFlares":true,"showImageEffects":true,"showParticleSystems":true},"in2DMode":false,"pivot":{"x":1.4079296588897706,"y":2.021334648132324,"z":2.8214402198791506},"rotation":{"x":0.050766728818416598,"y":-0.9070347547531128,"z":0.1774483621120453,"w":0.3860238790512085},"size":1.4375636577606202,"orthographic":false}