{"cameraMode":{"drawMode":0,"name":"Shaded","section":"Shading Mode"},"sceneLighting":false,"audioPlay":false,"sceneViewState":{"showFog":true,"showMaterialUpdate":true,"showSkybox":false,"showFlares":true,"showImageEffects":true,"showParticleSystems":true},"in2DMode":false,"pivot":{"x":797.1019897460938,"y":353.13897705078127,"z":1.406000018119812},"rotation":{"x":0.030496470630168916,"y":0.017564989626407625,"z":0.013308939523994923,"w":1.0010815858840943},"size":1.0167994499206544,"orthographic":false}