{"cameraMode":{"drawMode":0,"name":"Shaded","section":"Shading Mode"},"sceneLighting":true,"audioPlay":false,"sceneViewState":{"showFog":true,"showMaterialUpdate":true,"showSkybox":true,"showFlares":true,"showImageEffects":true,"showParticleSystems":true},"in2DMode":false,"pivot":{"x":3.0148487091064455,"y":3.4543731212615969,"z":3.500746250152588},"rotation":{"x":0.0714145228266716,"y":-0.899190366268158,"z":0.23687274754047395,"w":0.36881279945373537},"size":1.4375636577606202,"orthographic":false}