{"cameraMode":{"drawMode":0,"name":"Shaded","section":"Shading Mode"},"sceneLighting":false,"audioPlay":false,"sceneViewState":{"showFog":true,"showMaterialUpdate":false,"showSkybox":false,"showFlares":true,"showImageEffects":true,"showParticleSystems":true},"in2DMode":false,"pivot":{"x":0.2840000092983246,"y":0.8989999294281006,"z":0.9620000123977661},"rotation":{"x":-0.03757845610380173,"y":-0.9566282033920288,"z":0.13937458395957948,"w":-0.25428467988967898},"size":0.4690021872520447,"orthographic":false}