{"cameraMode":{"drawMode":0,"name":"Shaded","section":"Shading Mode"},"sceneLighting":true,"audioPlay":false,"sceneViewState":{"showFog":true,"showMaterialUpdate":true,"showSkybox":true,"showFlares":true,"showImageEffects":true,"showParticleSystems":true},"in2DMode":false,"pivot":{"x":1.1811739206314088,"y":5.061763286590576,"z":-1.90726637840271},"rotation":{"x":-0.28668302297592165,"y":0.24187816679477693,"z":-0.07419522106647492,"w":-0.924492597579956},"size":0.21213208138942719,"orthographic":false}