{"cameraMode":{"drawMode":0,"name":"Shaded","section":"Shading Mode"},"sceneLighting":false,"audioPlay":false,"sceneViewState":{"showFog":true,"showMaterialUpdate":true,"showSkybox":false,"showFlares":true,"showImageEffects":true,"showParticleSystems":true},"in2DMode":false,"pivot":{"x":0.02794407308101654,"y":-0.3879893720149994,"z":-0.021112728863954545},"rotation":{"x":0.03948916494846344,"y":0.016229167580604554,"z":0.013518931344151497,"w":1.0007904767990113},"size":0.7071067690849304,"orthographic":false}