{"cameraMode":{"drawMode":0,"name":"Shaded","section":"Shading Mode"},"sceneLighting":true,"audioPlay":false,"sceneViewState":{"showFog":true,"showMaterialUpdate":true,"showSkybox":true,"showFlares":true,"showImageEffects":true,"showParticleSystems":true},"in2DMode":false,"pivot":{"x":1.051941156387329,"y":2.335947275161743,"z":1.09237802028656},"rotation":{"x":0.10004374384880066,"y":0.061677541583776477,"z":0.007085805758833885,"w":-0.9950355887413025},"size":0.2580582797527313,"orthographic":false}