{"cameraMode":{"drawMode":0,"name":"Shaded","section":"Shading Mode"},"sceneLighting":false,"audioPlay":false,"sceneViewState":{"showFog":true,"showMaterialUpdate":true,"showSkybox":false,"showFlares":true,"showImageEffects":true,"showParticleSystems":true},"in2DMode":false,"pivot":{"x":-0.010285010561347008,"y":0.010733853094279766,"z":-0.5968790054321289},"rotation":{"x":-0.006445178762078285,"y":-0.016232430934906007,"z":-0.013276126235723496,"w":-1.0015672445297242},"size":0.028992727398872377,"orthographic":false}