{"cameraMode":{"drawMode":0,"name":"Shaded","section":"Shading Mode"},"sceneLighting":false,"audioPlay":false,"sceneViewState":{"showFog":true,"showMaterialUpdate":true,"showSkybox":false,"showFlares":true,"showImageEffects":true,"showParticleSystems":true},"in2DMode":false,"pivot":{"x":-0.05477172136306763,"y":2.391118049621582,"z":15.316689491271973},"rotation":{"x":0.031415410339832309,"y":-0.06831175088882446,"z":0.0023395956959575416,"w":0.9973118305206299},"size":1.5252050161361695,"orthographic":false}