{"cameraMode":{"drawMode":0,"name":"Shaded","section":"Shading Mode"},"sceneLighting":false,"audioPlay":false,"sceneViewState":{"showFog":true,"showMaterialUpdate":false,"showSkybox":false,"showFlares":true,"showImageEffects":true,"showParticleSystems":true},"in2DMode":false,"pivot":{"x":-4.3198723793029789,"y":1.1122812032699586,"z":-3.299436092376709},"rotation":{"x":0.05554405599832535,"y":0.9199185371398926,"z":-0.13964906334877015,"w":0.363070547580719},"size":0.1673843115568161,"orthographic":false}