{"cameraMode":{"drawMode":0,"name":"Shaded","section":"Shading Mode"},"sceneLighting":false,"audioPlay":false,"sceneViewState":{"showFog":true,"showMaterialUpdate":true,"showSkybox":false,"showFlares":true,"showImageEffects":true,"showParticleSystems":true},"in2DMode":false,"pivot":{"x":0.2709999978542328,"y":0.8479999899864197,"z":-0.4690000116825104},"rotation":{"x":-0.4204384684562683,"y":0.14073258638381959,"z":-0.0632450133562088,"w":-0.8962820768356323},"size":0.5239270925521851,"orthographic":false}