{"cameraMode":{"drawMode":0,"name":"Shaded","section":"Shading Mode"},"sceneLighting":false,"audioPlay":false,"sceneViewState":{"showFog":true,"showMaterialUpdate":false,"showSkybox":false,"showFlares":true,"showImageEffects":true,"showParticleSystems":true},"in2DMode":false,"pivot":{"x":-0.04890608787536621,"y":0.5358879566192627,"z":0.020867645740509034},"rotation":{"x":0.035009510815143588,"y":0.4989767372608185,"z":-0.019970271736383439,"w":0.8658235669136047},"size":0.35169997811317446,"orthographic":false}