{"cameraMode":{"drawMode":0,"name":"Shaded","section":"Shading Mode"},"sceneLighting":true,"audioPlay":false,"sceneViewState":{"showFog":true,"showMaterialUpdate":true,"showSkybox":true,"showFlares":true,"showImageEffects":true,"showParticleSystems":true},"in2DMode":false,"pivot":{"x":3.683652877807617,"y":2.2556166648864748,"z":3.258699655532837},"rotation":{"x":0.09615102410316467,"y":0.3874478042125702,"z":-0.04047323018312454,"w":0.9160813093185425},"size":2.5267891883850099,"orthographic":false}