{"cameraMode":{"drawMode":0,"name":"Shaded","section":"Shading Mode"},"sceneLighting":false,"audioPlay":false,"sceneViewState":{"showFog":true,"showMaterialUpdate":true,"showSkybox":false,"showFlares":true,"showImageEffects":true,"showParticleSystems":true},"in2DMode":false,"pivot":{"x":-2.6848487854003908,"y":1.1095430850982667,"z":0.12999999523162843},"rotation":{"x":0.030966786667704583,"y":-0.9716292023658752,"z":0.18275406956672669,"w":0.15464623272418977},"size":1.7332819700241089,"orthographic":false}