{"cameraMode":{"drawMode":0,"name":"Shaded","section":"Shading Mode"},"sceneLighting":false,"audioPlay":false,"sceneViewState":{"showFog":true,"showMaterialUpdate":false,"showSkybox":false,"showFlares":true,"showImageEffects":true,"showParticleSystems":true},"in2DMode":false,"pivot":{"x":0.25580111145973208,"y":0.5652498006820679,"z":3.4506704807281496},"rotation":{"x":-0.113641157746315,"y":0.2678414285182953,"z":-0.031945306807756427,"w":-0.9563084840774536},"size":0.35169997811317446,"orthographic":false}