{"cameraMode":{"drawMode":0,"name":"Shaded","section":"Shading Mode"},"sceneLighting":true,"audioPlay":false,"sceneViewState":{"showFog":true,"showMaterialUpdate":true,"showSkybox":true,"showFlares":true,"showImageEffects":true,"showParticleSystems":true},"in2DMode":false,"pivot":{"x":-1.3556888103485108,"y":1.3472119569778443,"z":3.0475916862487795},"rotation":{"x":-0.001004552934318781,"y":-0.9919421076774597,"z":-0.03327513858675957,"w":-0.13528300821781159},"size":0.7185031175613403,"orthographic":false}