{"cameraMode":{"drawMode":0,"name":"Shaded","section":"Shading Mode"},"sceneLighting":true,"audioPlay":false,"sceneViewState":{"showFog":true,"showMaterialUpdate":true,"showSkybox":true,"showFlares":true,"showImageEffects":true,"showParticleSystems":true},"in2DMode":false,"pivot":{"x":1.4702935218811036,"y":2.63370680809021,"z":0.3361184298992157},"rotation":{"x":-0.15284249186515809,"y":0.14701560139656068,"z":-0.022216813638806344,"w":-0.9774510264396668},"size":0.21213208138942719,"orthographic":false}