{"cameraMode":{"drawMode":0,"name":"Shaded","section":"Shading Mode"},"sceneLighting":false,"audioPlay":false,"sceneViewState":{"showFog":true,"showMaterialUpdate":true,"showSkybox":false,"showFlares":true,"showImageEffects":true,"showParticleSystems":true},"in2DMode":false,"pivot":{"x":-2.7791199684143068,"y":2.5601999759674074,"z":2.5624241828918459},"rotation":{"x":-0.23919221758842469,"y":0.0692250058054924,"z":-0.016391893848776819,"w":-0.9688295722007752},"size":0.5264032483100891,"orthographic":false}