{"cameraMode":{"drawMode":0,"name":"Shaded","section":"Shading Mode"},"sceneLighting":true,"audioPlay":false,"sceneViewState":{"showFog":true,"showMaterialUpdate":true,"showSkybox":true,"showFlares":true,"showImageEffects":true,"showParticleSystems":true},"in2DMode":false,"pivot":{"x":-40.093589782714847,"y":-10.264983177185059,"z":-32.60735321044922},"rotation":{"x":0.1539100706577301,"y":-0.844127893447876,"z":0.3284991383552551,"w":0.3982614576816559},"size":14.085441589355469,"orthographic":false}