{"cameraMode":{"drawMode":0,"name":"Shaded","section":"Shading Mode"},"sceneLighting":true,"audioPlay":false,"sceneViewState":{"showFog":true,"showMaterialUpdate":true,"showSkybox":true,"showFlares":true,"showImageEffects":true,"showParticleSystems":true},"in2DMode":false,"pivot":{"x":-1.9746125936508179,"y":1.6852471828460694,"z":4.037095546722412},"rotation":{"x":0.05070683732628822,"y":-0.8008692264556885,"z":0.08218292891979218,"w":0.5938766598701477},"size":0.7185031175613403,"orthographic":false}