{"cameraMode":{"drawMode":0,"name":"Shaded","section":"Shading Mode"},"sceneLighting":true,"audioPlay":false,"sceneViewState":{"showFog":true,"showMaterialUpdate":true,"showSkybox":true,"showFlares":true,"showImageEffects":true,"showParticleSystems":true},"in2DMode":false,"pivot":{"x":-1.132504940032959,"y":1.3433185815811158,"z":2.4844675064086916},"rotation":{"x":0.05745291709899902,"y":0.6802793741226196,"z":-0.04221496358513832,"w":0.7323418855667114},"size":0.5070428848266602,"orthographic":false}