{"cameraMode":{"drawMode":0,"name":"Shaded","section":"Shading Mode"},"sceneLighting":true,"audioPlay":false,"sceneViewState":{"showFog":true,"showMaterialUpdate":true,"showSkybox":true,"showFlares":true,"showImageEffects":true,"showParticleSystems":true},"in2DMode":false,"pivot":{"x":0.14062142372131349,"y":2.720703601837158,"z":-0.03538680076599121},"rotation":{"x":-0.0855860710144043,"y":0.45737794041633608,"z":-0.06819020956754685,"w":-0.8858209848403931},"size":1.7375636100769044,"orthographic":false}