{"cameraMode":{"drawMode":0,"name":"Shaded","section":"Shading Mode"},"sceneLighting":false,"audioPlay":false,"sceneViewState":{"showFog":true,"showMaterialUpdate":false,"showSkybox":false,"showFlares":true,"showImageEffects":true,"showParticleSystems":true},"in2DMode":false,"pivot":{"x":-0.7147620916366577,"y":1.169045329093933,"z":0.4997301399707794},"rotation":{"x":-0.15002773702144624,"y":-0.7561110854148865,"z":0.18604518473148347,"w":-0.6094155311584473},"size":0.35169997811317446,"orthographic":false}