{"cameraMode":{"drawMode":0,"name":"Shaded","section":"Shading Mode"},"sceneLighting":false,"audioPlay":false,"sceneViewState":{"showFog":true,"showMaterialUpdate":true,"showSkybox":false,"showFlares":true,"showImageEffects":true,"showParticleSystems":true},"in2DMode":false,"pivot":{"x":1.147987723350525,"y":0.027527134865522386,"z":0.6579884886741638},"rotation":{"x":0.003750158241018653,"y":0.9830701947212219,"z":-0.023212488740682603,"w":0.18365217745304109},"size":0.42602401971817019,"orthographic":false}