{"cameraMode":{"drawMode":0,"name":"Shaded","section":"Shading Mode"},"sceneLighting":true,"audioPlay":false,"sceneViewState":{"showFog":true,"showMaterialUpdate":true,"showSkybox":true,"showFlares":true,"showImageEffects":true,"showParticleSystems":true},"in2DMode":false,"pivot":{"x":0.8043926954269409,"y":2.445305824279785,"z":1.5673441886901856},"rotation":{"x":0.004003164824098349,"y":-0.05187394469976425,"z":0.014034879393875599,"w":1.0003385543823243},"size":1.6167871952056885,"orthographic":false}