{"cameraMode":{"drawMode":0,"name":"Shaded","section":"Shading Mode"},"sceneLighting":false,"audioPlay":false,"sceneViewState":{"showFog":true,"showMaterialUpdate":false,"showSkybox":false,"showFlares":true,"showImageEffects":true,"showParticleSystems":true},"in2DMode":false,"pivot":{"x":-0.03323282301425934,"y":0.27197766304016116,"z":-0.19367638230323792},"rotation":{"x":0.10883963853120804,"y":-0.06803546100854874,"z":0.007568507920950651,"w":0.9917925000190735},"size":0.35169997811317446,"orthographic":false}