{"cameraMode":{"drawMode":0,"name":"Shaded","section":"Shading Mode"},"sceneLighting":true,"audioPlay":false,"sceneViewState":{"showFog":true,"showMaterialUpdate":true,"showSkybox":true,"showFlares":true,"showImageEffects":true,"showParticleSystems":true},"in2DMode":false,"pivot":{"x":-2.7153310775756838,"y":1.8029931783676148,"z":3.0962750911712648},"rotation":{"x":0.13355295360088349,"y":0.8135092258453369,"z":-0.20262029767036439,"w":0.5316042900085449},"size":0.11850307881832123,"orthographic":false}