{"cameraMode":{"drawMode":0,"name":"Shaded","section":"Shading Mode"},"sceneLighting":true,"audioPlay":false,"sceneViewState":{"showFog":true,"showMaterialUpdate":true,"showSkybox":true,"showFlares":true,"showImageEffects":true,"showParticleSystems":true},"in2DMode":false,"pivot":{"x":-22.87652015686035,"y":7.182640075683594,"z":-20.222335815429689},"rotation":{"x":-0.05876260623335838,"y":-0.1104528084397316,"z":0.003131454112008214,"w":-0.9934645295143127},"size":0.13753946125507356,"orthographic":false}