{"cameraMode":{"drawMode":0,"name":"Shaded","section":"Shading Mode"},"sceneLighting":false,"audioPlay":false,"sceneViewState":{"showFog":true,"showMaterialUpdate":true,"showSkybox":false,"showFlares":true,"showImageEffects":true,"showParticleSystems":true},"in2DMode":false,"pivot":{"x":1.3934645652770997,"y":2.288048028945923,"z":9.216416358947754},"rotation":{"x":0.22574745118618012,"y":-0.22214412689208985,"z":0.05295877158641815,"w":0.9470630884170532},"size":2.5267889499664308,"orthographic":false}