{"cameraMode":{"drawMode":0,"name":"Shaded","section":"Shading Mode"},"sceneLighting":true,"audioPlay":false,"sceneViewState":{"showFog":true,"showMaterialUpdate":true,"showSkybox":true,"showFlares":true,"showImageEffects":true,"showParticleSystems":true},"in2DMode":false,"pivot":{"x":1.133896827697754,"y":2.41072154045105,"z":0.4245331287384033},"rotation":{"x":0.17341428995132447,"y":-0.2689575254917145,"z":0.05216308683156967,"w":0.9479554891586304},"size":1.0981605052947999,"orthographic":false}