{"cameraMode":{"drawMode":0,"name":"Shaded","section":"Shading Mode"},"sceneLighting":false,"audioPlay":false,"sceneViewState":{"showFog":true,"showMaterialUpdate":true,"showSkybox":false,"showFlares":true,"showImageEffects":true,"showParticleSystems":true},"in2DMode":false,"pivot":{"x":0.013659347780048848,"y":-0.1571870595216751,"z":-0.16432273387908936},"rotation":{"x":0.04755963757634163,"y":-0.01999189518392086,"z":-0.014290066435933113,"w":-1.0003747940063477},"size":0.028992727398872377,"orthographic":false}