{"cameraMode":{"drawMode":0,"name":"Shaded","section":"Shading Mode"},"sceneLighting":false,"audioPlay":false,"sceneViewState":{"showFog":true,"showMaterialUpdate":false,"showSkybox":false,"showFlares":true,"showImageEffects":true,"showParticleSystems":true},"in2DMode":false,"pivot":{"x":-0.025838039815425874,"y":0.30302685499191286,"z":-0.18648046255111695},"rotation":{"x":0.08653343468904495,"y":-0.062223680317401889,"z":0.005514996591955423,"w":0.9943816661834717},"size":0.35169997811317446,"orthographic":false}