{"cameraMode":{"drawMode":0,"name":"Shaded","section":"Shading Mode"},"sceneLighting":false,"audioPlay":false,"sceneViewState":{"showFog":true,"showMaterialUpdate":false,"showSkybox":false,"showFlares":true,"showImageEffects":true,"showParticleSystems":true},"in2DMode":false,"pivot":{"x":796.4847412109375,"y":445.7536926269531,"z":0.11827463656663895},"rotation":{"x":0.11652185022830963,"y":-0.02600971609354019,"z":0.003127513686195016,"w":0.9930065870285034},"size":0.25610581040382388,"orthographic":false}