{"cameraMode":{"drawMode":0,"name":"Shaded","section":"Shading Mode"},"sceneLighting":true,"audioPlay":false,"sceneViewState":{"showFog":true,"showMaterialUpdate":true,"showSkybox":true,"showFlares":true,"showImageEffects":true,"showParticleSystems":true},"in2DMode":false,"pivot":{"x":-0.9832108020782471,"y":1.774367332458496,"z":1.2546758651733399},"rotation":{"x":0.025216873735189439,"y":0.965044379234314,"z":-0.08973865956068039,"w":0.2508309483528137},"size":2.559555768966675,"orthographic":false}