{"cameraMode":{"drawMode":0,"name":"Shaded","section":"Shading Mode"},"sceneLighting":false,"audioPlay":false,"sceneViewState":{"showFog":true,"showMaterialUpdate":false,"showSkybox":false,"showFlares":true,"showImageEffects":true,"showParticleSystems":true},"in2DMode":false,"pivot":{"x":0.25524744391441347,"y":1.2301160097122193,"z":0.9969990849494934},"rotation":{"x":0.00556215038523078,"y":0.9931075572967529,"z":0.050869543105363849,"w":-0.10636546462774277},"size":0.35169997811317446,"orthographic":false}