{"cameraMode":{"drawMode":0,"name":"Shaded","section":"Shading Mode"},"sceneLighting":false,"audioPlay":false,"sceneViewState":{"showFog":true,"showMaterialUpdate":false,"showSkybox":false,"showFlares":true,"showImageEffects":true,"showParticleSystems":true},"in2DMode":false,"pivot":{"x":-0.3411537706851959,"y":-0.1587492674589157,"z":-0.06450530141592026},"rotation":{"x":-0.0889403373003006,"y":0.7486714720726013,"z":-0.10275625437498093,"w":-0.6490137577056885},"size":0.35169997811317446,"orthographic":false}