{"cameraMode":{"drawMode":0,"name":"Shaded","section":"Shading Mode"},"sceneLighting":true,"audioPlay":false,"sceneViewState":{"showFog":true,"showMaterialUpdate":true,"showSkybox":true,"showFlares":true,"showImageEffects":true,"showParticleSystems":true},"in2DMode":false,"pivot":{"x":-6.633605480194092,"y":2.2397491931915285,"z":0.6512995958328247},"rotation":{"x":-0.02375289984047413,"y":0.39953508973121645,"z":0.008890869095921517,"w":0.9181331992149353},"size":0.11850307881832123,"orthographic":false}