{"cameraMode":{"drawMode":0,"name":"Shaded","section":"Shading Mode"},"sceneLighting":true,"audioPlay":false,"sceneViewState":{"showFog":true,"showMaterialUpdate":true,"showSkybox":true,"showFlares":true,"showImageEffects":true,"showParticleSystems":true},"in2DMode":false,"pivot":{"x":-0.9150261282920837,"y":2.1898672580718996,"z":0.8069920539855957},"rotation":{"x":-0.19001643359661103,"y":0.1722000241279602,"z":-0.033093202859163287,"w":-0.9664834141731262},"size":0.5118014812469482,"orthographic":false}