{"cameraMode":{"drawMode":0,"name":"Shaded","section":"Shading Mode"},"sceneLighting":true,"audioPlay":false,"sceneViewState":{"showFog":true,"showMaterialUpdate":true,"showSkybox":true,"showFlares":true,"showImageEffects":true,"showParticleSystems":true},"in2DMode":false,"pivot":{"x":-2.387688636779785,"y":1.1189460754394532,"z":6.406569957733154},"rotation":{"x":-0.19191677868366242,"y":0.17913217842578889,"z":-0.05008416622877121,"w":-0.9660112261772156},"size":0.5181413888931274,"orthographic":false}