{"cameraMode":{"drawMode":0,"name":"Shaded","section":"Shading Mode"},"sceneLighting":false,"audioPlay":false,"sceneViewState":{"showFog":true,"showMaterialUpdate":false,"showSkybox":false,"showFlares":true,"showImageEffects":true,"showParticleSystems":true},"in2DMode":false,"pivot":{"x":0.18472449481487275,"y":1.1572537422180176,"z":-1.095241904258728},"rotation":{"x":0.2513963282108307,"y":-0.042639460414648059,"z":0.011551939882338047,"w":0.9672161340713501},"size":1.819528341293335,"orthographic":false}