{"cameraMode":{"drawMode":0,"name":"Shaded","section":"Shading Mode"},"sceneLighting":false,"audioPlay":false,"sceneViewState":{"showFog":true,"showMaterialUpdate":true,"showSkybox":false,"showFlares":true,"showImageEffects":true,"showParticleSystems":true},"in2DMode":false,"pivot":{"x":0.2721293568611145,"y":0.6963216662406921,"z":0.16188929975032807},"rotation":{"x":-0.08171171694993973,"y":0.42474061250686648,"z":0.040705036371946338,"w":0.9019583463668823},"size":0.11208206415176392,"orthographic":false}