{"cameraMode":{"drawMode":0,"name":"Shaded","section":"Shading Mode"},"sceneLighting":false,"audioPlay":false,"sceneViewState":{"showFog":true,"showMaterialUpdate":false,"showSkybox":false,"showFlares":true,"showImageEffects":true,"showParticleSystems":true},"in2DMode":false,"pivot":{"x":0.00003764033317565918,"y":0.48762863874435427,"z":0.13272184133529664},"rotation":{"x":-0.2822711765766144,"y":-0.34982505440711977,"z":0.11143425852060318,"w":-0.886383056640625},"size":0.26990988850593569,"orthographic":false}