{"cameraMode":{"drawMode":0,"name":"Shaded","section":"Shading Mode"},"sceneLighting":false,"audioPlay":false,"sceneViewState":{"showFog":true,"showMaterialUpdate":true,"showSkybox":false,"showFlares":true,"showImageEffects":true,"showParticleSystems":true},"in2DMode":false,"pivot":{"x":0.16118918359279633,"y":0.721526026725769,"z":0.7420947551727295},"rotation":{"x":-0.002810094505548477,"y":0.9983254075050354,"z":0.058475006371736529,"w":-0.042421936988830569},"size":0.31495171785354617,"orthographic":false}