{"cameraMode":{"drawMode":0,"name":"Shaded","section":"Shading Mode"},"sceneLighting":true,"audioPlay":false,"sceneViewState":{"showFog":true,"showMaterialUpdate":true,"showSkybox":true,"showFlares":true,"showImageEffects":true,"showParticleSystems":true},"in2DMode":false,"pivot":{"x":-28.30638313293457,"y":-16.200702667236329,"z":15.27039909362793},"rotation":{"x":-0.28605595231056216,"y":0.17489781975746156,"z":-0.05773613601922989,"w":-0.9417418837547302},"size":30.08647346496582,"orthographic":false}