{"cameraMode":{"drawMode":0,"name":"Shaded","section":"Shading Mode"},"sceneLighting":false,"audioPlay":false,"sceneViewState":{"showFog":true,"showMaterialUpdate":false,"showSkybox":false,"showFlares":true,"showImageEffects":true,"showParticleSystems":true},"in2DMode":false,"pivot":{"x":-0.037567175924777988,"y":0.5067877173423767,"z":-1.8618448972702027},"rotation":{"x":-0.1494639813899994,"y":-0.048447299748659137,"z":-0.0072528463788330559,"w":0.9876457452774048},"size":0.35169997811317446,"orthographic":false}