{"cameraMode":{"drawMode":0,"name":"Shaded","section":"Shading Mode"},"sceneLighting":false,"audioPlay":false,"sceneViewState":{"showFog":true,"showMaterialUpdate":true,"showSkybox":false,"showFlares":true,"showImageEffects":true,"showParticleSystems":true},"in2DMode":false,"pivot":{"x":3.2414307594299318,"y":0.683348536491394,"z":1.9252159595489503},"rotation":{"x":0.024608545005321504,"y":0.6040067672729492,"z":-0.025048306211829187,"w":0.7973834872245789},"size":1.7748587131500245,"orthographic":false}