{"cameraMode":{"drawMode":0,"name":"Shaded","section":"Shading Mode"},"sceneLighting":false,"audioPlay":false,"sceneViewState":{"showFog":true,"showMaterialUpdate":true,"showSkybox":false,"showFlares":true,"showImageEffects":true,"showParticleSystems":true},"in2DMode":false,"pivot":{"x":2.7257838249206545,"y":-2.2489891052246095,"z":5.960464477539063e-8},"rotation":{"x":-0.016020795330405237,"y":-0.23768875002861024,"z":0.004904615692794323,"w":-0.972429096698761},"size":1.2144434452056885,"orthographic":false}