{"cameraMode":{"drawMode":0,"name":"Shaded","section":"Shading Mode"},"sceneLighting":true,"audioPlay":false,"sceneViewState":{"showFog":true,"showMaterialUpdate":true,"showSkybox":true,"showFlares":true,"showImageEffects":true,"showParticleSystems":true},"in2DMode":false,"pivot":{"x":-7.144754886627197,"y":9.480107307434082,"z":-3.6315762996673586},"rotation":{"x":0.04709338769316673,"y":-0.8233743906021118,"z":0.07525423914194107,"w":0.5628169178962708},"size":1.9565125703811646,"orthographic":false}